customer_id,customer_name,email,payment_status,amount_paid,created_at,comment
1,Johann Whicher,jwhicher0@myspace.com,Failed,9558.57,2019-10-29T12:20:18Z,More details
2,Cam Mordey,cmordey1@seesaa.net,Failed,3323.39,2018-12-05T22:28:30Z,No comment provided
3,Sondra Helkin,shelkin2@netscape.com,Failed,3089.71,2017-05-16T06:55:03Z,Another comment
4,Peg Smithe,psmithe3@dagondesign.com,Pending,3873.46,2018-09-07T19:18:35Z,Some notes
5,Lesley Garham,lgarham4@seesaa.net,Pending,3139.95,2021-05-01T17:10:04Z,Some notes
6,Milka Carbin,mcarbin5@sina.com.cn,Failed,818.37,2021-10-12T15:53:35Z,More details
7,Christoper Pennetta,cpennetta6@hubpages.com,Success,1904.69,2019-03-27T16:50:53Z,Random text here
8,Ki Franzolini,kfranzolini7@phpbb.com,Pending,3440.42,2017-03-27T04:50:04Z,Random text here
9,Urbain Lovemore,ulovemore8@gov.uk,Failed,494.16,2019-04-26T13:13:08Z,Another comment
10,Aymer Filkov,afilkov9@icio.us,Failed,8405.82,2019-09-03T04:42:10Z,No comment provided
11,Grayce Frisch,gfrischa@theglobeandmail.com,Failed,9114.25,2021-10-17T19:18:11Z,Some notes
12,Yoko O'Carran,yocarranb@tripod.com,Pending,9197.14,2017-08-14T04:44:38Z,Random text here
13,Silvio Attryde,sattrydec@sciencedaily.com,Failed,6706.6,2021-08-11T02:07:13Z,No comment provided
14,Giff Lancaster,glancasterd@nydailynews.com,Success,3181.41,2017-07-10T21:15:45Z,Some notes
15,Correy Crossley,ccrossleye@bing.com,Failed,2902.14,2020-12-06T05:45:56Z,More details
16,Berty Burley,bburleyf@oracle.com,Failed,6424.28,2021-03-06T07:43:06Z,Some notes
17,Hubert Spratley,hspratleyg@thetimes.co.uk,Failed,823.9,2019-01-27T08:10:46Z,More details
18,Camilla Divers,cdiversh@flickr.com,Success,3624.09,2017-12-01T17:54:32Z,Another comment
19,Vassili Shortland,vshortlandi@quantcast.com,Success,165.27,2020-08-26T10:56:44Z,Another comment
20,Jerrie Bernolet,jbernoletj@ustream.tv,Success,8184.02,2019-12-03T07:07:19Z,No comment provided
21,Ringo Francesc,rfrancesck@harvard.edu,Pending,5267.47,2020-04-29T10:14:53Z,Another comment
22,Lida Dickin,ldickinl@gmpg.org,Success,4372.17,2020-12-31T22:14:22Z,Random text here
23,Gennifer Bladon,gbladonm@cyberchimps.com,Success,9377.1,2021-05-07T01:24:52Z,Random text here
24,Park Juszkiewicz,pjuszkiewiczn@51.la,Success,4491.91,2019-09-08T05:13:53Z,Random text here
25,Reinaldo Kernell,rkernello@aol.com,Failed,4050.71,2020-11-21T13:21:37Z,Random text here
26,Giselbert Simion,gsimionp@w3.org,Pending,7889.67,2021-06-27T05:26:07Z,Some notes
27,Romonda Sigmund,rsigmundq@sitemeter.com,Pending,3327.4,2019-01-12T19:16:05Z,Random text here
28,Kelli Poppleston,kpopplestonr@illinois.edu,Success,5447.58,2018-03-02T08:35:54Z,More details
29,Grazia Rosentholer,grosentholers@stanford.edu,Failed,7989.59,2017-09-08T17:12:25Z,More details
30,Glad Roebottom,groebottomt@amazon.de,Success,6680.73,2021-08-06T07:57:07Z,No comment provided
31,Hermina Woolger,hwoolgeru@slate.com,Success,7142.68,2017-11-09T15:04:54Z,More details
32,Westleigh Hann,whannv@arstechnica.com,Pending,2662.38,2017-08-22T09:19:36Z,More details
33,Adrien Mungin,amunginw@tinypic.com,Failed,2665.23,2020-10-12T04:18:06Z,Some notes
34,Daryl Featherstone,dfeatherstonex@lulu.com,Success,4989.31,2018-09-01T05:23:31Z,No comment provided
35,Honey Drable,hdrabley@netlog.com,Success,5428.5,2021-05-12T16:10:28Z,Some notes
36,Lilith Heindrick,lheindrickz@statcounter.com,Failed,5784.08,2019-09-01T00:38:10Z,Random text here
37,Lilla Iacomelli,liacomelli10@google.nl,Failed,9899.61,2021-12-12T10:40:23Z,More details
38,Sammy Lenox,slenox11@dell.com,Success,8795.45,2017-04-02T06:39:22Z,Another comment
39,Cindie Waterhous,cwaterhous12@japanpost.jp,Pending,2598.96,2017-02-17T18:03:36Z,More details
40,Perl McKibbin,pmckibbin13@noaa.gov,Pending,8421.49,2019-04-28T18:53:05Z,No comment provided
41,Tallie Allom,tallom14@mapy.cz,Success,9178.32,2020-07-30T23:36:15Z,No comment provided
42,Rikki Cable,rcable15@intel.com,Success,5373.92,2020-05-01T12:48:42Z,Another comment
43,Giralda Tenby,gtenby16@scientificamerican.com,Success,5794.85,2017-12-15T14:59:28Z,No comment provided
44,Claresta Tyer,ctyer17@wordpress.com,Pending,821.36,2017-12-12T11:02:50Z,Random text here
45,Daniele Savoury,dsavoury18@mysql.com,Failed,9415.25,2018-11-29T12:27:16Z,No comment provided
46,Michail Gabits,mgabits19@about.com,Success,5454.99,2021-06-15T13:45:34Z,More details
47,Cinda Aslen,caslen1a@adobe.com,Success,6252.72,2021-07-06T21:07:54Z,Random text here
48,Aurea Quant,aquant1b@yellowbook.com,Pending,5132.22,2018-05-12T01:06:42Z,Another comment
49,Glad Gracewood,ggracewood1c@wordpress.org,Pending,2265.18,2017-05-11T15:23:06Z,More details
50,Guinna Cowup,gcowup1d@plala.or.jp,Success,491.35,2017-02-12T06:15:09Z,Some notes
51,Edvard Keaves,ekeaves1e@vimeo.com,Success,5443.11,2018-04-28T11:39:47Z,No comment provided
52,Griffy Dog,gdog1f@blinklist.com,Failed,2426.0,2019-07-05T14:22:07Z,No comment provided
53,Joane Petrolli,jpetrolli1g@linkedin.com,Success,620.58,2017-07-08T06:24:57Z,Another comment
54,Auberon Murr,amurr1h@boston.com,Pending,2383.0,2021-01-29T23:43:00Z,More details
55,Ros Kalisch,rkalisch1i@flickr.com,Failed,3991.85,2020-06-29T16:38:03Z,More details
56,Binni Malcolmson,bmalcolmson1j@unblog.fr,Pending,4912.93,2020-11-20T17:15:36Z,More details
57,Babita Shakelady,bshakelady1k@noaa.gov,Success,5375.5,2017-01-25T13:02:37Z,Another comment
58,Paulina Bowry,pbowry1l@globo.com,Success,5234.55,2018-12-26T03:19:21Z,Random text here
59,Drusilla Hilland,dhilland1m@goodreads.com,Failed,6358.6,2018-07-26T00:56:12Z,No comment provided
60,Land Tomaschke,ltomaschke1n@rakuten.co.jp,Pending,7625.02,2020-01-12T08:06:11Z,Random text here
61,Darice Surguine,dsurguine1o@nature.com,Failed,9926.67,2019-08-16T22:47:46Z,More details
62,Myrwyn Graine,mgraine1p@newsvine.com,Failed,5808.76,2018-11-19T19:47:05Z,More details
63,Cozmo Dorwood,cdorwood1q@si.edu,Failed,4451.03,2017-11-26T10:39:03Z,Another comment
64,Karolina Boch,kboch1r@state.tx.us,Failed,3545.88,2017-07-25T00:36:04Z,No comment provided
65,Dolorita Ker,dker1s@ucoz.ru,Success,9236.71,2020-02-22T17:20:06Z,Some notes
66,Wye Paliser,wpaliser1t@walmart.com,Pending,3307.77,2018-02-28T06:10:43Z,More details
67,Demetris Gready,dgready1u@list-manage.com,Failed,9705.08,2019-03-10T08:49:06Z,Another comment
68,Franklyn Povall,fpovall1v@archive.org,Failed,240.34,2020-12-08T19:29:44Z,Random text here
69,Taryn Gissing,tgissing1w@pen.io,Pending,1412.01,2018-10-28T19:15:54Z,Random text here
70,Lucky Longworth,llongworth1x@example.com,Failed,7676.36,2018-01-24T21:04:49Z,No comment provided
71,Minetta Luppitt,mluppitt1y@discovery.com,Pending,6598.52,2021-03-27T14:31:30Z,Another comment
72,Manolo Tomik,mtomik1z@unblog.fr,Failed,5988.82,2017-09-09T09:09:14Z,More details
73,Avictor Harty,aharty20@technorati.com,Success,6685.34,2021-01-21T10:30:38Z,Some notes
74,Onfre Haack,ohaack21@cocolog-nifty.com,Pending,8271.58,2021-09-19T21:27:34Z,Another comment
75,Heda Sanchiz,hsanchiz22@arizona.edu,Failed,6199.56,2019-02-24T16:43:12Z,Some notes
76,Leonard Jon,ljon23@cnet.com,Failed,4380.59,2019-11-04T06:08:58Z,No comment provided
77,Elinor Krishtopaittis,ekrishtopaittis24@wordpress.com,Pending,3122.64,2019-03-27T02:26:48Z,Some notes
78,Mason Janaszkiewicz,mjanaszkiewicz25@imageshack.us,Failed,6753.01,2019-06-01T00:42:34Z,Another comment
79,Myrta Hegdonne,mhegdonne26@acquirethisname.com,Failed,9531.22,2021-01-21T20:59:25Z,Another comment
80,Jana Cristofaro,jcristofaro27@wikimedia.org,Success,9881.35,2019-12-15T06:42:19Z,Random text here
81,Genia Verty,gverty28@blogtalkradio.com,Pending,3195.44,2021-10-15T22:58:49Z,No comment provided
82,Davine Lillford,dlillford29@360.cn,Pending,1723.35,2021-07-28T11:50:26Z,No comment provided
83,Alida Huckett,ahuckett2a@lycos.com,Pending,3582.35,2021-09-05T09:17:12Z,Another comment
84,Chloette O'Luney,coluney2b@usgs.gov,Pending,6027.73,2021-10-04T11:54:08Z,No comment provided
85,Harrison Runacres,hrunacres2c@123-reg.co.uk,Success,3643.79,2017-02-22T07:59:17Z,Random text here
86,Vanya Hirtz,vhirtz2d@illinois.edu,Failed,3755.82,2018-07-13T22:13:55Z,Random text here
87,Sally Slocombe,sslocombe2e@comsenz.com,Failed,917.79,2021-03-25T14:55:12Z,No comment provided
88,Rolando Penchen,rpenchen2f@ihg.com,Failed,3836.37,2017-11-29T06:55:09Z,No comment provided
89,Correy Runnicles,crunnicles2g@mail.ru,Success,6997.23,2019-06-21T14:52:52Z,Another comment
90,Gabe Monkleigh,gmonkleigh2h@berkeley.edu,Pending,5530.14,2017-04-05T13:25:46Z,Another comment
91,Minni Beric,mberic2i@stumbleupon.com,Failed,6770.55,2018-08-26T02:05:33Z,Another comment
92,Garold Danton,gdanton2j@prnewswire.com,Failed,8936.96,2017-10-05T08:37:43Z,Another comment
93,Faustina Jorger,fjorger2k@elegantthemes.com,Success,2277.21,2017-04-17T04:17:31Z,Another comment
94,Rivalee Connold,rconnold2l@kickstarter.com,Success,8318.0,2017-10-24T05:40:14Z,Random text here
95,Selena Dornin,sdornin2m@w3.org,Failed,2062.92,2017-06-21T14:29:57Z,Some notes
96,Holly-anne Cristofanini,hcristofanini2n@dion.ne.jp,Pending,308.43,2017-05-02T00:34:39Z,Another comment
97,Ally Hawke,ahawke2o@harvard.edu,Failed,2540.47,2021-12-14T08:56:36Z,Random text here
98,Sully Linstead,slinstead2p@cbc.ca,Failed,760.75,2017-02-22T05:59:12Z,Another comment
99,Alisa Vasenin,avasenin2q@indiatimes.com,Failed,3985.73,2021-10-18T00:50:24Z,Random text here
100,Nye Josum,njosum2r@apache.org,Success,4208.99,2018-08-04T14:04:15Z,Random text here
